,sex,sat_v,sat_m,sat_sum,hs_gpa,fy_gpa
0,1,33,72,117,3.305693209986525,3.9336154379960617
1,1,64,65,121,3.479288956911149,3.6615715518716074
2,1,51,75,102,3.1396549666876,3.80830357783503
3,1,64,80,119,2.8370408554139255,3.7178873716513126
4,1,80,64,145,3.476594961298567,2.666413883730015
5,1,64,73,108,2.321702791970353,1.4584302144772288
6,2,35,49,84,3.370851055027242,1.6590771154890125
7,1,53,78,111,2.0499824736148504,2.4069022736272485
8,1,44,60,152,3.0575061229886416,3.8789613109181147
9,2,63,80,70,1.7183222192188679,3.2572651812976874
10,2,65,63,77,2.4961228905988326,2.744678545525219
11,1,57,75,147,2.6060819778149167,3.1524827365965926
12,1,63,80,111,3.8931156522365473,3.4298008432206717
13,1,58,69,119,2.8674379056493704,4.055834441091935
14,1,59,62,101,2.8970999580451258,3.329358409819033
15,1,55,67,119,3.489092830740228,4.6180803734050855
16,1,39,50,109,2.8810238198087657,1.0010093421325204
17,2,42,53,72,1.8914016873980533,4.037492430899319
18,2,38,50,101,3.753583050400744,3.7537292048918305
19,1,76,62,105,3.5901949900753625,3.984327281043274
20,1,47,58,97,3.2844039988447378,2.876267209822342
21,2,38,85,90,3.8860597001207053,4.09894508771019
22,1,50,65,115,2.390079146221211,0.9856217593508052
23,2,37,65,86,2.536233122487658,3.650032146363251
24,2,28,53,76,3.2486856197246348,3.751289169493428
25,1,53,58,140,1.449280403746567,1.8859636880222632
26,2,39,56,125,3.4147605828331264,3.638496944942602
27,1,68,62,124,3.887973925000533,1.70220261366001
28,2,25,47,105,2.59887369599903,3.129404402154117
29,1,49,37,145,2.2627896263288347,2.8831421029537085
30,1,56,66,109,2.087696545812589,2.0996275116659744
31,2,38,71,120,3.871002293788771,3.6022082463893783
32,1,58,69,77,3.943563720311445,3.697133654887723
33,1,53,66,127,4.171161409605617,2.894438128355959
34,2,62,38,119,3.4638539059401774,2.9731425720197646
35,2,47,63,94,4.14380398575585,3.8917381204310653
36,2,31,63,80,2.552095475698315,3.5187331282695604
37,2,66,61,99,2.2319264187727637,4.081814824816881
38,2,45,38,82,3.8471953428060552,3.509818401420293
39,2,42,58,133,2.917658021615681,3.0599586021903953
40,2,60,64,125,2.750914936826401,4.7863531931816095
41,1,69,64,124,1.7065082218060459,2.1690566318062094
42,2,24,52,97,3.440160126724889,4.188949137733325
43,1,63,56,126,1.7845215527901335,4.159920422815353
44,2,34,38,140,3.466542711600653,3.484500718006553
45,2,34,50,119,3.286012466441775,3.8762801422245525
46,1,46,67,133,2.697767473717976,2.4104127990346247
47,2,57,59,112,1.902915632863373,2.5525078039314133
48,2,42,67,129,2.629559501079085,2.7526271166227776
49,1,53,58,120,3.410739567872345,3.6998302552929374
50,1,59,63,123,2.751820600721044,1.4273233003849572
51,2,46,51,75,3.8549753104169002,3.5455501643210754
52,2,29,53,56,1.4595890557956501,1.8828009292491243
53,2,43,42,63,4.071445399552071,3.6928015900666766
54,1,65,63,118,3.1886026564195973,3.16937451792426
55,1,49,78,120,2.02327254545292,2.3484098391018207
56,1,75,53,143,2.350666967799825,2.8552565347208776
57,1,56,71,101,3.25362023390194,3.545862143781028
58,1,60,66,98,2.1242871993547623,2.4477114515768847
59,2,51,68,121,3.3687545806497763,4.31837048483513
60,2,47,58,119,1.8408680993254847,3.871908035121266
61,2,46,43,95,1.708307305926106,2.511744416489764
62,2,38,83,113,2.458247993766039,3.5085203643956655
63,2,45,41,99,2.777859987518205,3.5143684777725746
64,1,57,58,131,2.227349387754586,3.2233835777404387
65,2,49,60,124,1.9764495367843637,0.3026476385767214
66,2,44,64,119,2.2600992862121694,2.489234921359484
67,1,43,63,126,3.4728822789447706,4.512878119262954
68,1,39,69,95,3.366920475788233,0.4840357313393586
69,2,37,33,112,2.1800636296532176,2.2827277728905817
70,2,54,55,126,3.515823886945989,2.8557862152482305
71,2,59,70,132,3.314876443538232,2.7257367009937092
72,1,48,48,154,2.426369323617375,2.495780633217578
73,1,58,71,120,2.4603209450684385,1.6956398094178748
74,1,69,40,124,4.215189309741383,2.6108731600582082
75,1,64,75,130,3.9761270358833505,2.493621977534964
76,2,55,45,105,3.380014600963261,4.540138870288993
77,1,60,51,80,3.5673568224997023,2.740032275473677
78,2,42,68,119,3.1291516558884864,3.891268607586097
79,1,41,64,111,1.4841105425397758,1.9459936430328424
80,2,54,58,77,1.53942461926746,2.646189453553034
81,2,56,43,131,2.518622886761474,0.17494493220233842
82,2,41,66,84,2.7694744871993713,2.6046277216413785
83,2,43,59,90,3.830938358797424,3.192945922858444
84,2,33,54,122,2.4842849357515253,4.101573682519392
85,1,42,56,72,2.4533317101257035,2.5119865985511605
86,1,56,66,131,1.5859737945561487,4.173721314207266
87,1,47,66,113,1.7014786012155418,3.3187916377449005
88,1,53,71,96,3.9214997162709118,4.112748989725258
89,2,56,75,116,3.7870304485216226,2.9837732341318035
90,1,42,63,119,3.811875473324981,3.2370486939453116
91,2,41,60,72,1.47560904146615,2.542149534610683
92,2,50,72,97,3.6238288552093656,3.5955142953243353
93,2,63,70,124,1.7210851340106423,3.4743846599914145
94,2,42,43,130,3.047045099963251,3.235804713590945
95,2,45,47,105,2.637219104036708,3.570540055421835
96,1,74,69,98,1.2900200726457427,1.5119019549228683
97,1,51,61,86,3.161644517200387,1.503906512582301
98,2,53,44,112,3.476169714368649,3.891731070234405
99,1,50,66,74,2.77116882141663,1.5409792621664287
100,2,41,46,130,3.068293034766924,4.286079232042346
101,2,36,52,91,3.3813343121363104,3.1863915989095286
102,1,33,50,108,1.7930254213104522,3.721214008639195
103,1,67,55,115,2.8691605938565745,2.4113103283143724
104,1,42,71,127,3.244594189581922,2.7953705109223477
105,2,26,50,80,3.2688012903325565,3.85509085504138
106,2,29,67,113,3.5583511050115284,3.2536056284914534
107,2,61,51,119,3.753263801340888,3.911662181217397
108,1,61,56,131,2.2428402052476533,2.457915632729081
109,1,56,60,111,3.386696555781786,2.9283390724070504
110,2,57,47,119,3.5971980120650904,1.7986102110106819
111,2,34,53,108,3.2713754024698085,3.5498463218649503
112,1,57,80,82,2.073627084408949,2.027995842301916
113,1,48,68,145,4.122196553714161,4.350734814249953
114,1,64,56,89,3.5612726768901464,3.551632570578459
115,1,68,65,114,1.5502357085032297,2.089257937032839
116,1,68,69,109,1.666524401654628,3.765285037686855
117,1,66,63,106,2.6423940410959985,4.090737069101042
118,1,59,57,117,1.633236961104104,3.190512919558709
119,2,37,63,102,2.1535858471337694,2.6258160630996463
120,1,35,69,113,3.5294847685096014,1.7408839399049247
121,1,76,61,89,1.8100869469112113,2.6176841897866443
122,2,70,61,72,2.855947484512299,3.2422993501331048
123,1,64,68,116,2.279785526136008,2.8259101614030695
124,2,46,54,112,2.104285408075435,2.4552483458228442
125,1,49,52,110,1.9567926540567604,3.4350073688130807
126,2,46,53,131,1.6446703060839036,2.7748630787691067
127,1,62,47,122,3.094532946624004,3.0996196183006988
128,2,35,57,89,3.918976715626364,2.2255453945463723
129,2,42,49,119,1.615389933495907,4.034001347554093
130,2,65,56,126,1.5735102399174081,1.4616722681458216
131,2,75,66,111,1.621358880390778,3.3430363214135763
132,2,66,45,83,3.3519337726049065,2.045867647840098
133,2,56,83,126,2.030905596375188,4.533291559612563
134,2,25,67,118,2.8740020874990178,3.6437198463467757
135,1,65,77,104,2.69339513032114,0.7319093406337169
136,1,56,71,114,4.097960188926037,1.6578762361231882
137,2,33,64,117,1.58485469373617,1.634305394017539
138,2,37,78,71,2.534531624358218,2.9572463630387955
139,1,52,62,79,2.3700747273601053,1.202045080067881
140,2,70,49,119,3.467415051592076,0.8787630902112866
141,1,54,63,77,3.201888739365317,2.1535166581517844
142,2,38,54,127,3.4701128015027036,3.9869828438856283
143,1,61,63,109,2.1391420943611967,3.9626231142674055
144,1,34,53,97,3.7777174497643653,2.828518754180863
145,2,58,63,95,3.294661463698742,2.5003833221547733
146,1,67,65,107,2.9558736496114055,2.3382161165685593
147,1,38,69,114,1.813809626591049,2.5340281761916463
148,2,39,58,108,2.1257085003609086,2.1507868749689765
149,2,43,46,134,1.639470022956653,2.8545684128509086
150,1,39,47,131,2.3072833045366608,1.4999737539997366
151,2,60,54,82,2.8109994789221617,1.4534173304063136
152,2,65,52,126,1.6375244201912758,3.0679680557930546
153,1,54,37,111,2.2967404225891794,2.562954890236351
154,2,54,66,156,1.5594270010079905,3.6140238513435765
155,1,54,67,96,2.856313748268888,2.8051554905921745
156,1,57,59,107,2.5638940514415234,3.2623752001180084
157,2,64,63,99,2.3396607958084923,4.123006983209245
158,1,53,58,131,2.9773269197450074,1.570585886705788
159,1,56,55,125,2.4148469508659116,2.954733685774668
160,2,25,67,65,2.833924633450514,2.487462479156337
161,2,66,65,137,2.3974444017192273,4.242075138834851
162,2,62,35,157,1.8635180756173946,2.154339384262071
163,1,51,47,151,3.8188450809746124,2.9643554236187506
164,2,50,57,134,2.601790119522926,3.6641589397627996
165,2,28,69,77,4.313377581794888,3.6986499570130498
166,2,29,41,90,3.015902985105617,2.620916877028377
167,1,54,62,101,3.2697843340045125,3.701492167006285
168,1,46,65,105,3.7791544010534395,4.250721009782289
169,2,58,62,116,4.196469363081487,4.71890428950098
170,1,33,60,117,2.8148608528913663,2.143488746853169
171,1,33,65,131,3.0559027670712844,2.2521995613858703
172,2,52,54,130,3.1404833574904427,4.0412882226873394
173,2,63,69,88,3.5292257730507255,4.28993072171578
174,1,64,59,136,3.6886681663841676,3.2853550794489736
175,1,45,69,115,3.706211506731671,2.448791613829669
176,1,56,52,129,2.8491572448886378,4.145425973478426
177,2,29,68,60,1.9522929856980646,2.9001055197838617
178,1,27,57,121,2.0946118250021497,2.256226322302738
179,2,31,42,112,1.9251770848480412,0.847333696942211
180,2,56,51,94,3.1360100624491523,2.8835310900406843
181,1,41,71,89,1.8936196342163063,2.6778941467429536
182,1,37,70,119,2.682051387369077,2.880570670155188
183,1,45,76,111,3.477041135857643,3.1212386752619197
184,2,48,48,92,2.7540488515390558,1.6124656403216666
185,2,60,61,88,4.0595857771016615,3.485373929372859
186,2,41,46,104,1.5446449269081606,2.5072311407743
187,1,51,56,112,2.7946596263900227,3.7394121207368625
188,1,51,63,75,1.4883986899660129,3.9629229952358935
189,2,50,31,133,3.2058632393238553,1.4479631388614211
190,2,59,42,138,2.583376025298985,2.719844855237674
191,1,63,62,105,1.339797480708008,1.8880163915455264
192,1,25,64,130,4.142439396414115,4.363394697799579
193,1,49,53,120,1.8272968519844068,3.7694343591021915
194,2,51,45,70,2.4261711476078816,2.946701838960548
195,1,47,72,120,3.013548775567144,1.0380815363702993
196,1,57,67,126,3.5328071061143635,3.2676171185441683
197,1,49,61,101,3.6312746860446055,3.361775537648167
198,1,27,62,91,3.890618334397649,3.4539689070277064
199,1,52,84,113,3.6339835408086207,4.258331547508174
200,1,55,58,104,2.1491047484602968,2.6848893203753414
201,1,38,56,122,3.3557871544399305,3.671714776902024
202,2,59,43,93,3.10203295061957,3.827504653817235
203,2,36,59,103,1.6691452657844497,2.4658780590113327
204,2,21,48,127,2.491025692189032,3.6449032129574452
205,1,66,68,117,1.6174466289387575,3.3056185285788913
206,1,48,66,113,3.9467827580402326,2.3703207514017084
207,2,49,62,94,3.7937904734179897,3.582879939204905
208,1,66,44,153,1.8958258314843064,2.4328526361075027
209,2,53,50,87,1.712363092843611,2.673455598487823
210,1,65,46,146,3.355548864464642,1.5899298093290284
211,1,54,53,119,3.8724103195309074,3.195596753606101
212,2,30,50,113,2.5836287034387584,3.157345461477523
213,2,44,49,82,2.6692304138793825,2.0175210447491647
214,2,42,37,136,2.0450508191042425,0.12371513425001468
215,1,56,64,88,4.046707984568371,4.180419472594613
216,1,49,83,128,4.282175299561805,4.01834448532378
217,1,39,64,110,1.551271205774473,1.473862614050177
218,2,40,56,119,2.110663858886212,3.9183204961955185
219,1,37,73,146,3.1886973153957525,4.200727198979264
220,2,36,45,122,3.397171136367512,2.993841314656159
221,1,64,52,113,2.1509177742108805,3.1416278914434437
222,2,40,68,123,3.5433734468658855,3.01379745872605
223,2,63,76,92,2.0533771291226057,2.22890789191268
224,2,58,57,90,2.1174546729977317,3.180277539092077
225,2,28,40,110,2.1607045056435714,2.7687188570962302
226,1,41,70,115,2.8626156422771927,2.8803767141286434
227,1,52,58,126,3.040916897751261,3.4628675919540854
228,1,58,52,118,3.4280038851092884,3.885154157624819
229,2,44,70,101,1.9457938564227497,1.4046290698693022
230,2,43,69,90,2.492741024780848,0.9155205632586583
231,2,58,39,143,1.3478612671931096,2.7338516572727576
232,1,28,54,103,1.3549943840783323,1.2036531545720612
233,1,59,69,119,3.171784736891243,2.7734567302968958
234,1,30,67,79,3.6205207450845167,2.940865246873484
235,1,33,63,83,2.541156880086243,2.3360958541234025
236,2,54,77,155,3.2128485091080026,3.151274477053582
237,1,51,49,157,3.721049631944488,4.637111873398002
238,2,54,60,95,2.616467651312327,4.199485164136618
239,2,40,54,104,1.3059116024123587,1.9460655868579297
240,2,41,56,120,4.013346413295743,4.373692854584156
241,1,50,60,94,3.5099999138254137,3.6884004067021112
242,1,46,26,136,2.353136740799617,3.6134371658259092
243,1,53,58,102,3.718588367491618,3.2755202812202957
244,1,64,59,88,3.5212786040639323,1.6721802402464627
245,2,42,50,105,2.57579372124115,2.2747798652529827
246,2,45,63,101,3.003686847556499,3.0911485569800345
247,2,53,56,142,1.8069550345573064,2.873458771587627
248,2,29,51,81,2.02522205012118,1.0331384689832284
249,2,55,57,101,3.4562762169170664,2.8914704649818406
250,2,61,61,121,3.7371005006554667,3.143529430235774
251,1,71,71,111,1.9861691127098935,2.0208240098335093
252,2,66,66,68,2.9021538686521464,0.9127842627368288
253,1,65,67,132,1.4614225117343602,2.0523465396797973
254,2,47,42,101,3.233596285710401,1.4259597219448046
255,2,39,84,94,2.519249859561377,3.5021402090092257
256,2,45,42,126,3.4827820877501843,3.641462768211273
257,2,50,41,134,1.9665889008134863,2.232774810070232
258,1,48,39,110,1.8449401076369958,2.989164676093164
259,2,31,50,105,2.257128140612782,4.396611696545645
260,1,39,72,104,3.659960602918345,3.906988313480925
261,2,53,43,87,2.0043964107140524,2.824664685728129
262,1,49,64,106,3.580047058073551,2.439611367238971
263,1,48,73,118,2.79441385433872,3.9579583551142057
264,2,44,57,90,2.3993499733123764,2.6562264665031776
265,1,50,67,104,3.064919992847456,1.9082534013799544
266,2,27,64,128,3.2616901737663717,3.7047729715659674
267,2,42,43,118,1.4030596020824824,2.239317674633147
268,2,37,54,73,3.9607040399551745,2.723784875548216
269,1,51,42,131,3.5544405616915546,3.1338002704550907
270,1,70,68,136,2.73688447739698,3.6534627991162107
271,1,33,74,84,4.072737345294272,1.7774112130200397
272,1,60,60,130,3.043328025914641,2.600490159737856
273,1,32,82,120,4.263586837728243,3.303711521544135
274,2,46,50,119,2.575420159192323,1.0132907217859035
275,1,56,69,117,3.592923264066823,3.005681817936459
276,1,58,62,131,2.73362215857728,2.7932482578722593
277,2,42,58,92,1.9683601016724985,1.7806941611718654
278,2,43,65,64,2.393044438966275,4.102918951365044
279,1,64,49,129,1.524150412557426,3.413928711538164
280,2,39,43,145,1.5081796715991667,2.7033779705277166
281,2,52,53,87,1.8065152202488899,2.466565960796113
282,2,57,51,138,1.7943698239215242,3.906489888356852
283,1,63,50,104,2.662931728311892,1.7591671389713823
284,1,47,59,94,1.5126836759545703,-0.8245613109956853
285,1,63,71,117,3.584320423094254,4.591250898442578
286,1,58,56,71,1.9885377621515021,-0.2896133639031895
287,2,51,52,88,2.946601841440065,1.0178918000415322
288,1,59,67,128,2.8775440177075025,4.283604090598678
289,1,59,70,129,3.599977443562496,3.676384459729292
290,1,81,62,65,2.3833812011113986,2.858914001665321
291,1,34,38,119,3.7198692297363474,2.8568783059177663
292,1,66,39,115,2.235678985893356,2.341064592935261
293,1,49,67,94,3.740980913987035,1.8003295735409817
294,1,47,65,126,2.890735198617826,3.175719601126012
295,1,55,72,125,1.6977132450257313,3.678239692312996
296,1,55,71,150,1.6274046377783467,2.6545828720995903
297,2,51,47,152,4.065603169113082,4.555918944306565
298,2,64,68,80,2.7139246454112853,3.5956078108065457
299,1,60,64,119,3.65504210989503,1.5077521186465672
300,2,60,50,138,2.958392994553627,3.0069138526563166
301,2,49,41,115,4.0187900053870225,2.6367020189960715
302,2,54,71,92,2.930523410194611,0.6590555149141544
303,2,44,65,79,1.489908156440661,3.220315989295375
304,2,43,40,108,3.41660778065011,3.642548988277345
305,1,31,83,93,2.0766178272059594,1.3799240730610904
306,2,72,51,83,2.8214548852651915,2.8807884444056144
307,2,38,66,83,3.2078664413516513,3.1939230663437956
308,1,65,80,128,4.053209345369451,1.9735213666919997
309,1,52,66,100,1.6631764065727896,2.39563601012203
310,1,43,51,142,1.3780366550555503,1.266806660878034
311,1,46,63,152,3.213359902948508,2.8508526967829706
312,1,64,71,135,1.5674878062639233,2.609834575982193
313,1,30,59,93,2.6035889718325937,4.054703539614712
314,1,65,52,126,3.3544077874803,3.880214815335641
315,1,42,59,129,3.078661703939857,3.2894692641364043
316,1,33,71,127,3.849456132163039,2.217359235463232
317,2,39,34,73,2.618193707263785,2.035132936428683
318,1,48,54,106,3.7791102953931146,2.600400474106083
319,2,39,36,76,1.4612375878426942,0.3760504697238751
320,2,41,48,120,1.789256796908455,2.5674238018266706
321,2,58,50,125,3.9584558690362504,3.0631967606870454
322,2,56,36,83,2.420120093800628,3.3884247125961564
323,1,46,49,131,2.7984242597144138,3.0984044275653653
324,1,78,65,103,3.54065061684322,2.2691534346913107
325,2,35,46,123,2.391442357100175,2.0962465758770663
326,2,63,36,81,3.106180629542038,4.407579897412646
327,1,74,63,125,2.801514728397335,4.18364144118872
328,2,63,68,144,2.2982866442993446,2.2798753404653467
329,1,49,68,120,2.2643641099043226,3.3077896643858757
330,2,21,67,151,3.4335948008107557,2.811973280865806
331,2,33,61,109,2.231636088407844,2.1461656984309494
332,1,37,59,143,3.510632509778994,3.234562397253328
333,1,56,51,108,2.4492874578904575,1.254695928159789
334,2,39,57,73,1.5036988841587093,2.5888033881953763
335,2,34,67,109,1.9621106561861432,4.3585824915157545
336,2,36,48,102,2.429112094755705,3.3353596760122075
337,1,38,68,121,2.9123732981078967,3.388459420522375
338,1,63,61,127,3.9918559816707306,3.3187938468859493
339,1,56,70,111,2.7275479631924178,3.5424552653154997
340,2,49,64,118,3.3755540351183826,3.1076582330591878
341,2,45,45,109,2.6683730783404345,0.24623674384030592
342,1,57,56,118,2.1496464114952745,1.6852554328144564
343,1,65,54,111,2.0673032087377274,2.1246967770932
344,2,53,70,121,2.794118610004022,4.567392953036142
345,2,42,66,70,3.561228609284748,2.099018071098802
346,2,56,50,109,1.504063997048656,0.7499939400763989
347,1,51,44,103,3.1179265756959866,4.166389195978571
348,1,29,60,148,2.8891021441146574,2.613553164369401
349,2,41,51,126,1.9332944825044098,2.5368242684419595
350,2,37,68,125,2.878931723190305,4.122221896718745
351,1,50,40,111,3.714156328640919,3.137800871755701
352,2,50,51,85,3.3546483248975125,2.431658570820368
353,1,67,72,125,1.6774935214204252,3.960383230734256
354,2,28,51,78,2.7538079621651286,2.797868108571312
355,1,81,44,149,1.9683942258007092,1.6799365173708563
356,2,39,61,100,3.193734015676551,2.6347154536114
357,1,67,68,101,3.451852344867419,2.378428229628663
358,1,55,70,127,3.6763921797218106,1.6970802997362802
359,2,41,60,106,1.9592717368687058,1.5332537347101312
360,2,64,60,111,2.4024391028944123,2.994866584603772
361,1,37,69,100,2.6573254985761623,1.0862594383979467
362,1,35,67,92,2.002638406178272,3.071778045686073
363,2,31,65,129,3.670380668733067,2.7549843435115653
364,1,58,56,117,2.5234723601827205,3.4843111009176644
365,1,53,60,101,2.4214073740868254,2.128179595818129
366,1,66,68,59,2.810825329105028,1.8660271698522957
367,2,48,56,76,1.8802171677558672,3.6695052528905037
368,2,44,63,105,3.1378797918026247,3.19926025040805
369,2,35,59,91,3.3526967639897456,3.756343509208506
370,2,56,70,82,1.724652771675252,2.3731596437531652
371,1,40,68,153,2.825936946846932,4.353084139635027
372,1,56,59,75,3.8164290355023516,1.4878918727519528
373,1,68,61,144,3.737260483568329,4.281564373396914
374,2,26,58,106,3.475780970621045,1.894021833630631
375,2,62,26,89,1.3428528898730148,1.1188826009241453
376,1,53,60,105,3.413621177691449,2.1571627925544297
377,1,47,53,105,2.891774139897264,2.5906685117740786
378,1,59,70,130,2.8284541866102675,3.0225560070255586
379,2,31,45,121,1.7577557073129602,2.742320056438037
380,2,59,55,150,1.9053877733098576,3.4020246723803798
381,1,65,64,112,2.171563224619727,2.184829038706748
382,1,67,81,100,2.278155188355214,1.5811140761004943
383,1,63,66,155,2.9428370891093736,4.079180683803285
384,1,45,55,76,3.0517372001629033,2.5063861301840777
385,1,52,69,92,3.104913519462158,2.4556608044674726
386,2,40,75,149,4.026136803958766,4.5521886485337095
387,1,44,47,130,1.7278611880431782,3.1293491917870786
388,2,24,50,86,1.8214895471732662,1.510320825495353
389,2,36,57,70,1.3822395744008487,1.5158029499723056
390,2,41,47,100,1.6570691832544207,2.2195346568868706
391,2,52,76,126,3.0737819697396493,3.700193907486188
392,2,64,39,76,3.9619822581918105,2.3915085508746508
393,1,47,46,155,2.084397388563116,2.776587013277381
394,1,62,66,83,3.797963919200739,1.6072225282727226
395,1,61,60,101,3.574115190894095,1.6321471470443636
396,2,71,30,97,1.6710877996374476,2.687333601332332
397,2,48,46,112,2.803948034223354,2.3867341890782203
398,2,49,51,119,2.9964403319114856,3.271329902040894
399,2,35,53,116,3.491714687196672,3.5783453728863464
400,1,72,71,94,3.7365209621730746,2.531367084667455
401,2,32,66,101,2.4470995741149655,1.9725906906403718
402,1,55,62,109,2.758012769127109,3.7828611887150165
403,2,64,50,136,1.9422418159757258,0.8356654200636855
404,2,51,45,117,2.5663423893076205,2.598363596574064
405,1,59,80,117,2.681244573076534,3.230664663215371
406,2,39,45,102,2.1609073032141035,3.4071228548846255
407,1,39,56,130,2.163189953523233,3.0189372161064614
408,1,48,66,113,3.0398702098278947,2.348082575393874
409,1,37,82,90,2.812520711387665,2.8765161366942036
410,2,37,66,99,3.640712013413687,3.057207320019705
411,2,31,64,82,4.080933558376546,4.305675838252741
412,2,52,43,112,4.221000710635798,2.9401388794635173
413,1,72,60,145,3.7700274138682364,2.5630419332418954
414,1,42,49,111,3.3739185956691156,2.8012400110949662
415,1,61,51,125,2.6110280761399722,2.2580302601504165
416,1,47,72,57,1.9553938591859994,3.366808621109051
417,1,46,56,131,3.6339430955694367,4.407811020153918
418,2,53,39,117,2.3003995489452995,2.8827706449568504
419,2,47,39,74,3.474301272828813,2.38514382674633
420,1,62,54,104,2.7046339604441156,3.641209434403276
421,1,58,64,81,2.54886163670415,2.488852656063663
422,1,59,60,129,1.5230690821921282,2.9667961245028343
423,2,39,77,78,1.5509767069294964,2.805388957198234
424,1,63,53,94,2.447376072364222,0.7272334804071272
425,1,45,63,127,2.020529332360117,3.5455781624258282
426,2,36,63,138,3.964185428350297,4.552995801267814
427,1,36,55,156,1.760793573547033,2.7629073766189007
428,1,66,64,112,3.274169210499726,3.8786512468281362
429,1,67,66,103,3.6807668409307635,3.94605838022117
430,2,53,52,108,4.217780985439748,3.6837027008347745
431,2,40,50,100,2.431911368214851,3.028764244471932
432,2,52,64,102,2.9046728479303003,2.0485576570805617
433,1,50,59,130,3.464035659914888,3.5168023603224836
434,2,34,57,75,2.873247100100348,2.1706413930656776
435,1,60,41,145,3.415112390353455,2.190990516640897
436,2,30,66,116,2.137836096777308,3.624787058990111
437,2,61,68,70,2.6765172986581107,2.201883888033698
438,2,55,68,80,2.863851800458433,0.5115274108422903
439,1,64,67,120,4.344059767433777,4.285231869031794
440,1,50,58,116,3.118279474597133,0.8708584582529615
441,1,77,74,147,3.9520326449894414,3.669291257692868
442,2,33,59,137,1.6764301789958052,2.466125680043437
443,1,58,63,111,3.3738179134616675,2.837710333566166
444,2,44,26,86,4.051782666329006,3.148613705760887
445,2,34,55,145,4.153192386845346,4.415868694680065
446,1,59,64,121,1.4658221045215778,3.4099236307197662
447,2,37,31,135,2.881516211716956,1.2418635746421134
448,2,51,44,71,2.2520017416908935,2.439688293587275
449,2,27,48,90,3.363691058578122,4.118624676940341
450,2,60,60,110,2.570998841579055,4.14191041420882
451,2,37,58,102,2.6965003423980365,2.9596905541370315
452,1,65,69,115,2.697546356000181,3.4040700487624656
453,1,59,69,131,3.416080347098986,3.2557157827871595
454,1,37,60,127,3.7273535836975813,2.5067942894422246
455,2,53,68,111,3.1050164595516865,0.6858021381068375
456,2,44,72,72,3.199121432576523,3.702614629775286
457,2,40,57,65,2.6695957115506346,3.3655931862503397
458,1,60,67,121,2.6483454568289018,2.542643575279335
459,1,67,54,91,2.809255792664853,1.7213886770576274
460,2,58,61,83,1.46584525288924,2.810829843360983
461,1,47,57,90,3.5909918433322963,2.7718937353500017
462,2,39,66,79,2.4122690487058325,0.16414602138336054
463,2,32,53,90,2.71462560504033,3.489006670186287
464,2,38,60,95,4.236243766578671,4.0458852741516
465,1,49,64,146,1.7838906448983793,3.97116790367405
466,1,61,59,128,4.140614114893731,1.927217862944775
467,2,67,54,78,3.312604437625664,1.4990179695211092
468,2,55,68,140,3.4912159994150835,3.2273977066761574
469,2,59,66,89,2.759179803755549,0.23949156813140782
470,1,38,62,113,1.9344081226037704,3.528499108849469
471,1,49,59,93,1.8513281433776894,1.6786772864319297
472,2,47,66,151,2.6493940084777488,3.757619130358922
473,1,55,43,149,2.5468972735172564,2.724988309784053
474,1,58,68,122,2.5677174796321545,1.7702559527061053
475,1,67,47,97,1.6312758898959734,2.5369689756951366
476,2,47,56,123,1.8156377815049107,3.004108160846215
477,2,58,59,114,3.9472526132880468,2.9420341891652493
478,1,76,74,105,3.1837473086940378,3.3774175738519574
479,2,55,62,77,3.573511677546927,4.500550697049475
480,2,76,50,95,3.117570284055989,3.8504021208323995
481,1,54,42,99,2.49515595563417,2.376203958549336
482,2,25,67,66,3.1806803610441565,2.083252963821268
483,2,60,63,100,2.419467333754307,3.4954817678363677
484,2,31,62,123,3.5655975241997324,2.539894288488472
485,2,51,33,59,3.982772696535394,2.0896154499408417
486,2,55,61,95,2.4576397986803857,0.9603617162997288
487,2,53,64,147,2.952721623274497,3.3848646320354425
488,2,43,52,115,1.4051190176555328,2.607530137858898
489,1,48,58,116,2.45618897715501,4.3339637656756445
490,1,51,70,119,3.0125256294462197,3.576198810985046
491,1,51,61,146,3.0706348050419994,2.7022498598347817
492,2,54,65,135,2.4973417878414352,3.4551468606884512
493,2,55,71,66,2.616073097578167,1.7488991607227684
494,1,57,82,92,3.8604512906023563,3.938929040199171
495,2,40,57,117,2.5869351884268124,1.8864267211565988
496,1,60,57,72,1.819365623297167,2.240893993577227
497,2,46,68,73,2.1461272017064768,3.1174979300855625
498,2,18,60,64,3.72751792755725,2.1435608238975754
499,1,39,69,99,2.1403775501697635,1.5537629534312865
500,2,55,51,75,3.282248832911353,3.1599166080297
501,1,64,66,125,3.3640767690345563,3.237538691602817
502,2,34,45,86,3.550391487563542,3.9138835127824905
503,1,39,68,137,4.137125710855417,3.3711464991038493
504,1,75,69,115,2.961332197299528,1.99220067934292
505,1,58,68,104,4.047225075174081,4.022938273583795
506,1,54,59,98,2.601966997375162,2.1628486642548665
507,2,51,78,144,3.16375320657299,3.355860389316864
508,2,63,49,127,1.8702803233326084,3.0443305181334877
509,2,54,47,130,3.2023998009597108,2.373382556541765
510,1,51,74,112,2.371329249860404,2.6212929938065384
511,1,65,57,124,3.0151905737578617,3.7961214698796986
512,1,76,60,87,1.6438725092898283,2.351517906359545
513,1,60,63,128,1.6936975535862797,2.8281989618701218
514,1,63,81,113,2.3865883921543953,2.638395049313807
515,2,59,57,110,1.7141134250984429,3.372998879634949
516,1,48,62,124,1.6513014250692848,2.0348833588546964
517,1,41,66,110,2.734912299440341,1.5668268567310937
518,2,38,42,149,3.8989947816840718,3.3533194805640836
519,2,57,54,84,2.1435087844454284,1.0892373494306704
520,2,39,47,71,1.5385639505634312,2.0747808871386173
521,2,43,62,123,1.7535457925791256,2.806556550476725
522,1,67,70,130,3.7472276299078446,3.5195571905785163
523,1,41,66,113,3.039335921023994,2.3008188103339178
524,1,45,53,123,3.4156622925875983,3.132690220241258
525,2,52,39,106,2.5522726554401878,2.0377667217827495
526,1,51,56,126,2.5299918580437444,3.5041323449870103
527,1,80,53,111,2.13642795836416,1.8383954968195386
528,2,38,53,89,3.4020271353198845,2.1436598542460663
529,2,64,67,98,3.680554888782609,4.144712235962832
530,1,51,61,135,2.736572046008877,2.8697294773578523
531,1,65,78,156,3.8317210772916233,2.513955730791584
532,2,32,39,107,3.5927888921197924,3.368833142632382
533,1,82,56,125,2.4713245680401528,3.2236402962280204
534,1,59,65,137,3.3245130165777788,1.24593899351523
535,2,48,66,65,2.2834948857232233,3.3003306246840025
536,1,49,58,113,2.528202393491496,4.09501812681961
537,2,46,46,85,2.2985310567323265,2.117223894462662
538,1,53,50,84,3.497908662099909,4.070191068379902
539,1,43,28,127,3.121067309712403,1.8166263170741708
540,2,31,64,108,2.582167578243289,2.340911990659112
541,1,65,68,70,2.10685187614811,0.8498364764477625
542,1,60,70,89,3.4249283620237287,1.9682758810189889
543,1,45,51,145,3.4095691651805704,2.6709036088711207
544,1,71,52,117,3.666466503402289,1.1930646642601062
545,2,30,53,97,1.9700682148387099,1.2096123891647559
546,2,37,70,89,3.1376632425533195,2.672271232975427
547,1,30,25,124,3.214368252348431,2.285331273670721
548,1,34,54,122,1.7259625298372452,1.8318342523511517
549,2,67,69,109,2.4939869668748074,3.3884570760627413
550,2,48,57,102,3.4361665532681074,1.0789933321912195
551,1,65,67,127,1.4909592150890265,2.3765880497791487
552,1,32,70,140,3.702510858359336,3.749300203967255
553,2,56,66,88,2.554233963784794,2.61055664917788
554,1,44,51,88,2.5190788764648397,3.158681969394764
555,2,33,63,60,2.3157883840326257,2.2636646414220007
556,1,76,70,124,2.563715499560758,4.36127074141686
557,2,27,67,64,1.7965903094594917,0.8264284733868881
558,2,40,64,76,3.159273488274965,3.368193834112917
559,1,71,49,126,1.4948435458073621,3.0060159993878486
560,1,41,65,125,2.7294003848172133,3.056210503670291
561,1,64,49,72,1.7392645649796261,1.8183251064671704
562,2,47,65,76,3.9095385406949563,4.138569503631368
563,1,36,59,116,3.6607388397637513,3.7901915153305614
564,1,63,40,63,2.687089979338192,1.1431432383678026
565,2,29,60,113,2.289479607191482,3.7298452927351944
566,2,41,71,122,1.3503842639018828,3.1172831456929857
567,1,55,71,86,4.015803252056128,4.705148926975823
568,2,47,60,82,2.442512807551927,2.3679053481919925
569,2,30,58,106,2.7838653891171896,3.530023739171882
570,2,33,42,77,2.3292582548087593,3.341814028718014
571,2,40,58,82,2.177977426859255,2.9961273488673172
572,1,54,62,137,2.849419033822501,2.8009838224413195
573,1,73,53,138,1.952629477277947,3.7161726957272228
574,2,28,43,111,3.4087922738470593,-0.9013634944000519
575,2,37,51,124,1.4182149436108673,3.9646903967445577
576,1,61,77,114,1.8156291885502482,2.8149819326346517
577,1,51,46,91,2.011946417425224,2.3540412025157913
578,1,70,72,103,3.9084375979625596,4.036565472160181
579,1,59,61,122,2.249199342430772,2.9403147906008993
580,1,58,59,108,1.896671711419301,3.457177070552387
581,1,57,81,90,3.1891697523401876,2.7885764061808427
582,2,45,53,131,2.6261893683724393,1.3171612013063587
583,2,32,60,90,3.2876638320147604,3.2116042748006786
584,2,74,69,140,1.740064390864672,4.094986966594213
585,1,46,41,108,4.1535563822215416,4.184328195390601
586,1,63,47,110,2.482559163402094,3.2245016341355286
587,1,54,57,95,3.6561067560768965,3.674786380813427
588,1,57,60,143,2.5563390636375467,1.851962582645326
589,2,52,44,124,4.042644327249849,3.526939347426741
590,2,54,57,61,4.057074414223022,3.591154503529911
591,2,52,68,123,1.854762570008464,3.472341541701277
592,1,59,58,152,3.295054211440594,3.3280195515287265
593,2,22,57,102,4.2298966206322826,2.071023160999634
594,2,68,64,138,1.8702978291629233,4.091212609865702
595,2,49,50,74,4.175388189368475,1.8716236695981052
596,1,45,57,122,2.430881848841738,3.1822270009232696
597,2,34,39,116,1.9513173013932317,2.8927759766268273
598,1,55,64,110,3.105659643032802,4.276153860450374
599,2,36,66,87,3.7058212154009587,1.6820183145770615
600,2,33,71,89,3.827016843766326,4.586856284779313
601,1,59,64,114,3.0864817808142604,2.772855118559986
602,1,22,67,117,2.4298233418163617,-0.22567994231772603
603,1,31,68,74,4.059151025805336,3.435284965430199
604,1,63,54,96,2.597371572585134,2.0297629072213446
605,1,64,46,130,2.7924182283015573,2.7755925849252416
606,1,57,71,111,2.1716537978381734,4.559554270857429
607,1,53,67,120,1.7534919550876684,1.7587534720600702
608,1,59,42,101,2.658574377438326,2.712531827098937
609,1,55,72,107,4.406017384311814,2.4727573959079265
610,1,67,70,72,1.6327220984166602,3.4250081693081027
611,2,46,63,108,3.5876482946053962,4.1132437746952055
612,2,58,57,119,2.3458506167114748,4.632324809344085
613,1,65,41,108,3.4805786694253436,3.3930685537350915
614,2,68,58,121,3.362657144268048,2.2441856425056272
615,2,68,34,127,2.3643874229051085,2.462758142881853
616,2,41,79,90,3.172231279903444,2.5860715047350067
617,2,63,40,82,2.723961668289748,2.2614147037538275
618,1,62,72,60,2.450252840544674,0.7924776876364537
619,1,36,55,137,2.647827380684787,1.2523401272973742
620,2,56,45,99,3.0731321246666985,2.922307472577538
621,1,52,81,144,3.8241413302414724,1.780714978558347
622,2,53,75,122,3.2669818986370207,2.8955477765605426
623,2,57,38,73,1.7790775652785749,2.564762480410432
624,1,60,64,123,3.3101940131076395,2.512814644250119
625,1,45,71,120,3.764639738176431,3.584792632447705
626,1,45,60,114,1.4989778068336805,1.9658594412243386
627,2,71,59,106,2.0676593518164514,3.0882198643441843
628,2,54,45,121,4.216980017329792,3.61043893154916
629,1,43,62,102,3.3780806790351674,3.55631597073714
630,1,56,62,123,2.7250598980921934,4.030044938556642
631,2,38,62,60,3.5158925282256304,3.762405452621454
632,2,37,68,131,2.2400000439944834,2.295297612674086
633,2,60,66,114,3.0841890990967484,2.9260475305764353
634,1,48,67,144,3.4005641564373006,4.242895787649511
635,2,58,24,119,1.3758113720251979,1.7359502485878195
636,1,48,67,115,3.0755964406298486,3.2168250894775707
637,2,25,77,129,2.6581031649111657,3.829887677282203
638,2,63,59,103,4.12695134864376,4.738964925055186
639,1,51,62,128,3.060774043305869,3.3058962415233615
640,1,59,63,96,1.445990091259714,2.4750312383987856
641,2,41,24,111,4.200148132868923,4.0121961899850955
642,1,55,67,87,4.153546906544733,2.9394348136717765
643,2,38,61,119,3.699244751213037,2.6741342761358826
644,2,34,38,106,2.9696328513236567,3.3474212850045455
645,1,65,60,125,3.1961872546079886,4.052690086563848
646,2,50,49,103,1.7847899510985217,2.8124127381547805
647,2,47,49,100,2.032951807414578,4.366018420121784
648,1,69,73,128,2.582765007800362,2.8203251529687483
649,1,47,76,101,2.5006937526205046,3.217954543885366
650,1,55,70,116,3.517279525956429,3.2738263011121056
651,1,61,63,127,1.9673750620243953,3.2936894261453884
652,1,62,60,104,3.6936032260766445,3.443537525394099
653,2,47,44,64,1.9430599885683217,2.71892374311894
654,1,70,67,113,3.368044922769501,3.458421389070219
655,1,66,69,120,1.979988882140067,3.77591178816106
656,2,58,54,127,2.3515592476425056,2.3682484690811307
657,1,58,65,130,1.8296770146551142,3.4284062677625142
658,1,47,57,127,4.11508616186231,4.102488939713141
659,2,59,51,106,3.9541556147232,2.676835690606523
660,2,22,39,86,1.5859546796161852,2.78962349891421
661,2,61,65,115,2.0085390783867707,2.451694496374108
662,1,46,60,132,3.858661855120485,2.6584986789538236
663,2,39,59,74,1.504284824455724,0.7695140457968255
664,1,78,42,154,2.464077308118168,2.432262553184121
665,1,72,67,127,1.318450476929213,3.706075399522095
666,1,58,62,125,3.7010986345227854,3.391203802592768
667,2,40,37,104,3.7185319009469877,2.993898479642877
668,1,40,55,102,4.167606603742692,4.308455250969052
669,2,52,53,113,2.365534006930961,4.533341551988046
670,2,50,60,84,2.551839747118222,2.327832034857387
671,1,64,83,118,2.525081030434879,2.222045722017407
672,1,39,49,116,2.015969422582382,1.914472235864935
673,1,46,55,99,1.655048367290204,1.4563483001549251
674,2,29,36,91,3.442610194368966,3.5200136746024393
675,1,64,51,108,3.2876819271373767,2.4281670335076098
676,1,36,64,112,3.499030171576843,1.3348793217495671
677,2,35,47,86,3.4762521286715082,2.1410723308124746
678,2,48,64,103,3.316051432530989,3.388622418008765
679,2,55,72,109,2.058218864500495,3.814586976809074
680,2,35,67,113,1.8148797601471802,3.2734853955574175
681,2,43,61,80,2.61459890167508,3.2495547940864844
682,2,38,60,124,3.039921057604924,3.212772156533416
683,2,45,53,72,4.012573409604246,0.5947159124284764
684,2,55,61,119,1.8288917985006001,4.2462165709574515
685,1,63,72,134,2.405786672769875,3.2762859868853846
686,1,64,61,140,2.304917024977963,2.777125337871698
687,1,58,70,139,3.3825029658782246,4.066968367593861
688,2,55,42,78,2.668448941360948,4.343521220747618
689,1,71,63,94,2.662261369534162,2.9265309110156363
690,2,39,48,112,2.7618267616828676,4.275913456597514
691,2,58,58,133,4.238597651347899,4.581969488588975
692,1,76,78,132,3.2751974599489295,4.104391499717323
693,2,39,32,105,2.034214633838464,1.1250528728120281
694,2,43,50,62,2.381228365862258,1.4610408693035017
695,2,25,68,118,3.831582766659654,2.6031295669404333
696,1,64,61,136,3.5433855673601165,4.048928382474629
697,1,42,53,129,2.3691435483625005,1.920599999245848
698,1,50,63,116,3.3095683280208847,2.1846915484998983
699,2,49,50,95,4.112997123636071,3.4913929331479263
700,2,35,51,106,2.6927348826997037,0.9019345698884046
701,1,57,44,129,1.7464245129273666,2.710706742877782
702,2,43,67,147,3.111882094608563,4.496691592446794
703,2,47,72,109,2.5724300968389575,3.579359139675535
704,1,54,67,124,2.8640324166375795,4.64911788613068
705,2,34,47,136,2.6848873072243733,2.5009126976621383
706,2,57,49,105,3.0155780221124555,2.3471420463832384
707,1,57,61,116,1.7453041767916675,2.9079732353458096
708,2,45,52,89,4.193724080651926,3.749605681457997
709,1,56,69,93,2.204004023238429,1.7962616279665597
710,1,42,35,121,4.085335175493206,2.961822174241094
711,1,79,76,109,2.8108210498536406,2.8586720233700738
712,1,21,52,110,3.1913916560961337,1.9442341586173406
713,2,46,44,121,1.4900474850626895,2.466300291824906
714,1,39,60,123,2.4755131292596757,0.802630925008653
715,1,60,62,107,3.1306652780197872,3.481410909302939
716,1,60,64,155,3.2417710209099653,3.6020674146812635
717,2,54,60,124,2.0840322795775315,2.062824936148542
718,1,47,70,98,2.664265384995429,2.813348622603125
719,2,28,65,94,2.8448452754073705,2.667637351018688
720,2,51,79,110,2.9723472239412985,4.003214942507692
721,1,55,55,103,2.9598098285604597,0.777051506510199
722,1,72,71,120,4.268546954960728,3.7374258088993706
723,1,46,71,145,3.6817392533526614,3.090139011581286
724,2,46,61,141,3.991718935493231,2.312020122613943
725,1,51,56,122,2.57596647259012,3.4215892229611597
726,1,45,68,114,3.2167823026677325,2.4188916659341464
727,2,57,47,88,3.397941253924028,1.9461118310140924
728,1,51,75,123,3.2336405701392783,4.055879990593391
729,2,57,46,107,3.3780347963188913,1.3750163313596584
730,2,50,41,114,2.2847183445447685,1.2212508497220262
731,1,33,54,110,4.2512191341524055,2.8731008645750036
732,1,37,52,119,2.552543000713477,2.336062821533031
733,2,34,63,89,2.937368133293672,3.314072194264905
734,2,43,51,77,2.6854098332980643,3.85364372455575
735,2,45,40,107,2.683989843838794,3.30832238656566
736,2,42,41,110,1.8068991952456084,2.4890745410118775
737,1,62,70,145,3.874517474504451,3.422906326244596
738,1,58,53,136,3.8290287696987972,3.7511787575862394
739,2,59,57,107,2.70931197146132,4.099987686588513
740,2,33,72,133,1.616071670460205,2.455842794055516
741,2,66,52,82,3.242469756908032,2.127402751013236
742,1,38,46,129,3.4687159212146446,3.997806109155148
743,2,42,58,128,3.9552465067726374,4.172427176120303
744,1,54,64,82,2.675225452058461,3.598475519097847
745,1,54,66,144,4.065811196371208,3.3705188777922768
746,1,52,59,124,3.235518858344321,2.330777671157739
747,1,45,70,100,2.048310793200144,3.2304253317306957
748,1,37,65,144,2.4481475060470674,1.4688761642200199
749,2,42,49,95,3.667180399165061,3.7409896381884367
750,2,44,53,69,3.1887047928996792,3.7250354043123557
751,1,49,70,107,3.3441953292313475,0.8876004367605166
752,1,51,47,119,3.266724337667934,2.333341210794991
753,2,50,68,137,2.2247713698310094,2.4129124189154725
754,1,58,53,91,2.2784037307828022,2.935145212672154
755,1,47,47,100,1.6165743583079633,2.804118119788245
756,2,54,63,124,2.9391047754438078,3.982295376940115
757,2,41,67,88,2.242841036701483,1.597566832986278
758,1,57,46,105,2.6535289816996217,2.893919626364371
759,1,44,69,123,2.3890573410996896,3.8725725715842323
760,1,68,62,112,1.9849778820850459,2.6630927328145004
761,1,48,63,105,3.607985175820714,4.2262731335758374
762,2,44,41,125,3.862577215691523,2.2061902258172394
763,1,59,69,129,1.6057990562107778,-0.3015848809818049
764,1,46,66,116,3.926909882205214,3.5493602556954995
765,1,56,69,58,2.1300875248878754,1.028628388560036
766,1,55,60,121,2.6975635171942773,1.0587870467437936
767,1,75,46,116,3.2464558935072696,2.4790101612271918
768,2,38,72,77,3.404669631391777,3.021927433768087
769,1,52,64,105,2.4066599528441626,3.2971842557748348
770,2,55,57,66,2.8543654135844037,2.411006202019706
771,1,55,67,121,1.560313916685659,1.5570863074065924
772,1,40,56,124,3.078841135926261,3.794493729922965
773,2,37,43,100,3.2627332401486204,0.578880176306295
774,1,48,59,109,2.6663980800430096,1.1800122993930913
775,1,49,54,127,2.0854732641073195,4.479728235991815
776,1,58,80,138,1.530104100181575,2.2039890640422777
777,2,27,43,130,2.7081586158264095,4.552139228813175
778,1,65,67,127,3.1675328714288957,4.564706799293088
779,1,39,41,129,3.886031287576291,3.4430527514441023
780,1,34,43,114,3.2574807469124445,2.7616367132868604
781,2,35,49,101,1.3915528466404514,3.70376530827391
782,1,37,62,135,2.39730801567197,3.0311517895409943
783,1,53,60,91,3.191579377764412,3.9017206940922855
784,1,39,48,127,2.691248591584451,2.14401445905939
785,1,32,71,132,1.781446545280804,2.7864859916967997
786,2,68,41,122,3.415766295868216,1.956909246059729
787,1,67,73,98,1.5367564191615324,2.576248800795133
788,1,64,56,103,1.8689609232472124,2.797536482526954
789,1,37,59,134,2.6965396321752975,2.319344695160309
790,1,58,72,123,3.5736623967405934,3.601699022084683
791,1,47,59,116,3.635496022925275,2.468324822692679
792,2,44,66,131,2.1426892309726067,3.7429331366856378
793,1,62,31,113,2.1855828080350994,2.360498190416188
794,2,29,42,124,2.6183577274782652,3.0893811335273345
795,1,43,60,120,2.9096416845403983,3.1796154624400152
796,1,42,47,85,2.2859570040027686,1.904408873015191
797,2,58,61,89,3.9298011713236094,2.6919626902078253
798,1,48,60,122,2.3627218967552386,3.847225167151309
799,1,55,38,118,3.2039991126032707,3.8513260115917842
800,1,50,52,126,3.0643564517880257,3.60963112788097
801,2,43,71,79,3.771115254720792,3.924925886413419
802,1,78,62,63,4.049436123253345,4.23907353584891
803,1,58,42,133,3.643456230305294,1.80337211254985
804,1,40,63,131,1.6263153977915057,3.39277573326754
805,1,55,67,113,2.6911996215073883,1.0209672135682968
806,2,54,71,78,2.755531199477648,3.019665326644897
807,2,37,49,135,2.232338562451506,2.768975809816008
808,1,62,67,129,2.3293872170437457,4.038680985101806
809,1,22,67,149,2.3736026231196785,1.9651794349240672
810,2,58,50,129,3.7167385115170104,3.9432998310342673
811,1,45,49,109,2.6221440929208475,3.7351113958791875
812,2,71,59,120,3.735368668499017,1.4283064314725493
813,1,57,76,114,4.370570160237804,4.464331202189987
814,2,61,24,128,1.915738600983356,1.3752161860236423
815,1,52,54,127,1.5317454113451123,2.907690337216667
816,2,54,44,102,3.125074870863945,4.051970374669923
817,2,62,61,73,3.4449336468422507,2.937672218771575
818,1,59,62,141,3.5291396032783395,3.573997133286267
819,2,37,56,110,3.5937381693285984,3.5774664069694717
820,1,49,79,152,1.4449399971266679,3.6487677449092257
821,2,66,72,149,1.9196873745065333,3.369956386887928
822,2,44,70,94,1.8787041939527853,3.982583598494063
823,1,47,54,142,2.558250700119124,2.696452665318282
824,1,38,84,122,3.75660455451751,3.007180820254582
825,1,60,65,113,2.6017050408127513,3.106675401458611
826,2,22,66,80,2.080919653213088,2.288504556177985
827,2,35,59,93,1.9353907759797826,1.720116285244762
828,1,57,66,89,2.420307078247749,2.097663517630435
829,1,43,66,91,2.714721439707025,2.0066720300846757
830,1,66,83,105,3.650238484203739,2.1260085586281194
831,1,61,65,110,4.006387609771098,3.647054577001431
832,2,34,72,69,3.7549124326773233,2.6662393765441523
833,2,39,53,94,2.8902617605612493,3.284560459990198
834,1,33,57,142,2.088274608621741,3.7240258229331284
835,1,58,69,90,2.135911171540848,2.3236078382563163
836,2,64,51,112,2.589515481297246,1.354828075697132
837,1,66,76,120,1.3906406307339156,1.9488409117646426
838,1,56,71,96,2.7434306162912496,3.3945412700446402
839,2,32,67,68,2.6946692431671133,2.6152666698764047
840,2,44,43,85,2.3172172452282966,2.4347036957514323
841,1,68,58,110,3.8026477814479573,2.8764070139282074
842,2,53,62,77,3.2616133978135124,1.3909010128350028
843,2,56,62,107,2.9548166402653844,1.6413021710103657
844,2,63,56,133,3.8542734825684892,3.982584246259641
845,1,58,64,125,2.4341381957379538,2.6770079634194777
846,1,52,66,122,2.9369186561757736,2.665765483638626
847,2,42,54,80,2.8672683040452336,1.6682827336095014
848,1,60,84,86,1.9934590262016254,2.2424313657894257
849,1,67,70,123,3.4565520233216556,2.798368728573846
850,2,46,41,133,2.494366002134786,3.9260788961374598
851,2,54,70,73,3.539243176785742,3.850648624016751
852,2,51,69,87,2.6717100707006036,3.3538858603712827
853,2,61,62,131,3.264256892714551,4.516015199357612
854,1,49,68,100,4.036256645048853,3.280704033190729
855,2,56,69,81,2.2956658324516366,2.35023777848963
856,1,53,78,153,4.17751789529983,0.13643842152600172
857,2,41,58,69,2.80141244282315,2.4349621551322733
858,2,75,51,81,3.4522678587469087,3.0534616672101307
859,1,59,70,125,1.8519088185018893,3.526408390039607
860,2,25,54,76,2.1703658226924665,4.3152168794219925
861,2,58,69,85,2.7108477421975703,2.1840699418825253
862,2,44,61,84,2.240525667960775,2.843595160718184
863,1,33,76,106,2.3635603646278276,3.843902081653277
864,1,64,48,129,1.6148968908013412,2.207506131871483
865,2,30,57,88,1.790599139183238,1.7653012117385174
866,2,38,61,68,2.1742466608325475,1.0111723257989642
867,2,35,41,120,1.5221512895054885,0.3852759954930294
868,1,61,69,100,3.470677081874576,2.4072692267340967
869,2,45,49,96,3.2751000993076325,2.565557760812764
870,2,39,79,89,3.26531480222194,2.329730040431396
871,2,59,68,109,4.165935688010544,4.018090724952236
872,2,23,53,88,1.8336991565640566,1.9620413246625457
873,2,59,69,143,1.815589380372526,3.2407839638914506
874,2,43,55,108,1.8791935195828682,3.1853189336003402
875,2,39,77,101,2.6611643586399816,2.83477514735151
876,1,62,60,106,1.950891646021475,2.699625184398235
877,1,55,60,122,3.083208116304743,3.389397588803188
878,2,54,68,96,1.741790970665739,3.110288404251739
879,1,59,57,123,2.6534577944547824,2.591821240864309
880,1,64,64,60,3.349110817990968,3.2771486505900738
881,2,43,73,133,2.606798226244754,2.8044830745844407
882,2,60,61,98,1.794808590860578,2.921912929026977
883,1,53,53,82,3.5928132684617906,3.528874538580029
884,2,50,52,93,2.4736934615058708,3.111525710499799
885,1,37,45,113,3.641901286963,2.7396700200192283
886,1,48,44,120,2.888746835637729,3.011409496915019
887,1,53,56,141,3.4626599581032846,3.286358660564251
888,2,41,59,113,2.5092124658231523,1.295085171416968
889,1,58,65,101,3.413676090951026,2.3289436769761283
890,1,77,38,134,2.826192700374128,2.2258275857853445
891,2,49,37,113,2.4852864095441594,2.8318068029000947
892,1,43,55,123,3.5037483736387602,2.0968360352849476
893,1,34,63,85,2.410451222299455,3.0120836170893237
894,1,53,69,114,2.8578140389771156,1.7381289350604392
895,2,36,50,110,2.285811949375586,1.8965946090023906
896,2,35,41,110,2.814637762231242,1.2443028113600891
897,1,40,64,149,3.257027360512863,2.363529789826626
898,2,27,38,105,3.091718336388579,3.1463217706071918
899,1,63,60,94,1.7867866731758197,2.5254388600148694
900,2,61,66,123,2.3450479645994253,2.579700548984896
901,1,55,55,116,3.65989751935572,3.0515523513372385
902,1,66,75,119,2.7068679675510126,2.5669729951513207
903,1,35,65,107,1.399664332792251,2.888963635803444
904,2,57,45,96,2.4037910248119094,1.6159085487847837
905,1,65,69,107,2.761588512854244,1.668668776708268
906,2,50,65,101,2.6644980195141947,3.384884631032812
907,2,51,27,94,3.5005691889322117,2.041192482990342
908,2,55,50,137,1.8592790307892293,3.521910057141554
909,2,27,60,78,3.558945032850365,2.4290142152676353
910,2,61,57,129,3.3527048667218433,1.7472092925396885
911,1,73,70,113,2.994669169144745,2.3052115967104485
912,2,46,64,89,2.1520619638530123,2.730713372333703
913,2,37,49,84,2.542684540827141,2.342573520154835
914,2,51,58,107,3.0517273815581256,3.8076911769788833
915,2,57,53,130,2.405185423441358,3.733998441125632
916,1,43,66,103,3.259459389814446,3.8841059550140575
917,2,62,52,99,2.9414867909305773,3.6279599990287075
918,1,40,52,73,4.571405212898553,4.387642811159775
919,1,40,62,120,3.2380374016724707,3.026181125767291
920,1,64,60,122,2.7664108673467003,4.152679032316664
921,1,71,72,124,3.428238276685071,3.649999489479277
922,1,68,65,120,2.9140615193565673,3.5002813545064284
923,2,66,57,74,1.715510059274843,3.4955393561077392
924,1,53,40,96,1.9904740446959392,2.360037770595026
925,1,62,85,124,1.5431707967674817,3.586183377126121
926,1,56,47,117,1.8248211072260454,1.9957488822359775
927,1,69,68,96,3.5237612676678296,4.295284101555587
928,2,34,62,98,2.040680701145713,3.8243208137022657
929,1,44,70,111,3.5174834128211616,4.3616696595496
930,2,45,69,104,3.366006260098638,4.009237449956772
931,1,52,39,127,2.9418980255135914,3.9133766386507496
932,1,64,74,116,2.6598171388929566,4.384126465254747
933,1,53,62,83,1.3579697125464654,1.8230674111296652
934,1,35,58,126,2.4610118168009625,3.6652486014022965
935,1,54,70,117,2.4844327692664794,2.2444814047708115
936,1,40,63,115,3.103527993206035,2.4517482546787535
937,1,49,80,125,3.4321446768890898,3.742207584678729
938,1,64,59,119,2.072399330475438,2.0025433604226066
939,2,48,67,135,2.9838843835366893,2.044595979259148
940,2,32,68,110,1.9796819332228632,3.3792606168332666
941,1,52,55,129,2.0458301036406024,3.818763625670023
942,1,63,70,106,1.7741727944767955,2.111962686541044
943,1,36,70,115,3.3345014850671197,3.2656309850140253
944,1,73,63,100,3.7669282937198667,3.4224475062533273
945,1,45,50,108,4.128255700796391,3.058020330634626
946,1,67,64,120,2.9174506528804387,3.325289075181591
947,2,38,65,108,3.552932019774277,4.153840193079268
948,2,38,42,102,2.2891880598842484,2.660572107397705
949,1,63,66,72,3.338355381391661,3.494026040049561
950,1,56,67,137,3.7107575197629097,2.4530250649609315
951,2,19,66,118,1.7250676644946605,2.245336826664402
952,1,53,54,95,2.0001222052794967,2.6980163621369124
953,2,46,49,109,3.0149084317589514,4.560553581270641
954,1,40,73,128,3.4223374684327696,2.974300679270751
955,1,30,46,105,1.7781233965781902,3.8476791240018793
956,2,63,59,80,3.524871141386919,2.9983974308293266
957,2,66,61,116,3.524925649168818,2.5444936041062745
958,2,27,46,106,3.688193240895937,1.0207576132921325
959,1,45,68,154,1.9249471794692132,3.097281771849153
960,1,54,45,139,1.8641810483745724,2.630984012798822
961,1,72,69,118,1.6019516046022335,3.972768375584948
962,2,40,59,99,2.6415856197828274,3.358732925225457
963,1,58,62,138,1.3974957516217024,2.2842267008161468
964,1,57,62,112,2.650832840963254,1.8014445572451707
965,1,57,65,146,4.3334822078769495,4.3586753969544985
966,1,62,38,129,2.9774737543880034,3.8280555907110325
967,1,56,67,117,1.56080020777299,2.9738007939701294
968,1,69,62,93,2.9300384600715748,3.273998466575329
969,2,39,39,58,3.821795406632394,2.8362694135879742
970,1,45,83,95,1.92853149376202,3.54199701514731
971,1,55,72,99,1.7994609305702145,3.909776786708186
972,2,55,49,124,2.7872440059740584,2.0952194292658244
973,2,40,43,76,3.69261033334843,2.477737967105782
974,2,62,70,119,2.1550554572473124,3.6974004123433186
975,2,25,63,89,2.400947619551497,1.9647937007763545
976,2,21,67,100,2.957495507608476,4.103346032535863
977,2,51,64,81,2.6242026101243776,0.13801725584487
978,2,36,57,109,1.8456996725361685,1.7686583820948218
979,2,81,51,103,1.6896097460050123,3.9110176408863326
980,1,62,65,125,3.1045006616287627,1.5349375023328105
981,1,43,42,97,2.0138768071535202,2.518902071354918
982,1,56,57,84,2.8000687473733574,2.622337050251131
983,2,34,45,99,1.8646113430078397,0.41630249284443654
984,1,50,51,149,3.4235207063702915,2.244410770436067
985,2,38,56,114,2.4947127063705086,3.530498048466499
986,1,54,60,113,1.6853482463159772,1.3501478270187148
987,2,37,69,124,2.4946518752150157,2.5919383710633954
988,1,54,61,109,1.7384126349030837,2.8573138044720894
989,2,27,54,84,3.120899293337883,1.8468820899216896
990,2,61,43,149,1.549009446411041,1.443350036068515
991,1,42,56,124,2.685352735158734,2.865801194689806
992,1,69,67,96,2.35384531058353,3.4575294093430635
993,1,56,52,84,4.148477971248659,3.4119923785141353
994,2,39,59,86,2.3642159529055813,3.923227388186273
995,2,52,62,109,3.1151980586282595,3.29914747646976
996,1,71,67,98,2.5938538805525977,1.8776268956773774
997,1,59,70,119,3.5351373712476404,2.1913535770073596
998,1,50,56,129,3.746833052351599,2.831608570558501
999,2,49,48,101,3.607284070874207,3.850981264384684
